﻿Designator,Footprint,Quantity,Value,LCSC Part #
"C1, C4",0805,2,43pF,C2403466
"C10, C9",0805,2,1uF,C28323
"C11, C7",0805,2,100nF,C49678
"C12, C13, C14, C15, C3, C8",0603,6,2.2nF Tuned VHF,C882578
C2,CP_EIA-3528-21_Kemet-B_Pad1.50x2.35mm_HandSolder,1,100uF 6.3v,C16133
"C5, C6",0805,2,24pF,C2388041
D1,LED_WS2812B-2020_PLCC4_2.0x2.0mm,1,WS2812B,C965555
J4,Conn_2x03_PCB-Edge,1,Conn_02x03_Odd_Even,C192301
JP1,SolderJumper-3_P1.3mm_0R-Pins12_RoundedPad1.0x1.5mm,1,LED Power Select,C17477
JP2,SolderJumper-3_P1.3mm_0R-Pins12_RoundedPad1.0x1.5mm,1,Radio Power Select,C17477
"L1, L3",0805,2,75nH,C2044773
L2,0603,1,83nH,C2050394
"R1, R2",0805,2,10k,C17414
R3,0805,1,1k,C17513
"R4, R5",0805,2,100R,C17408
"SW1, SW2",SW-Push-SPST-Horizontal-C381061,2,PTT,C381061
